INSERT INTO client (client_id, password, email, phone_num, role)
VALUES (1, '$2a$12$GHtApwKvFA31IK8E7OdwF../f31W/S4O3jm2yP.mA1hwzbHmZ6XlC', 'manticora_1@mail.ru', 292330738,
        'ADMIN'),
       (2, '$2a$12$GHtApwKvFA31IK8E7OdwF../f31W/S4O3jm2yP.mA1hwzbHmZ6XlC', 'dima@mail.ru', 292222143, 'USER'),
       (3, '$2a$12$GHtApwKvFA31IK8E7OdwF../f31W/S4O3jm2yP.mA1hwzbHmZ6XlC', 'valic@mail.ru', 292222113, 'USER'),
       (4, '$2a$12$GHtApwKvFA31IK8E7OdwF../f31W/S4O3jm2yP.mA1hwzbHmZ6XlC', 'brovalok@mail.ru', 293222143, 'USER'),
       (5,'$2a$12$GHtApwKvFA31IK8E7OdwF../f31W/S4O3jm2yP.mA1hwzbHmZ6XlC', 'rofloakk@mail.ru', 445668915, 'USER');


INSERT INTO address (address_id, city, country, registry_number, street)
VALUES (1, 'Minsk', 'Belarus', 1, 'ulichnay'),
       (2, 'Grodno', 'Belarus', 12, 'another street'),
       (3, 'Minsk', 'Belarus', 10, 'something'),
       (4, 'Novgorod', 'Russia', 12, 'velikaya'),
       (5, 'Gorod', 'Strana', 13, 'ulichnaya'),
       (6, 'Hu shan', 'China', 17, '秘密訊息 :-)'),
       (7, 'Another', 'Belarus', 201, 'nemanskaya'),
       (8, 'Varshava', 'Poland', 3, 'pshe kurvyoznya'),
       (9, 'Real', 'No', 13, 'street'),
       (10, 'Novogrudok', 'VKL', 13, 'kuznecova'),
       (11, 'England', 'England', 13, 'blacksmith'),
       (12, 'text', 'Random', 21, 'for db'),
       (13, 'Pinsk', 'Belarus', 3, 'novaya'),
       (14, 'Paris', 'Franche', 25, 'Baker'),
       (15, 'Minsk', 'Belarus', 2, 'sovetkaya'),
       (16, 'Minsk', 'Belarus', 7, 'sovetkaya'),
       (17, 'Brest', 'Belarus', 13, 'fantasy'),
       (18, 'Minsk', 'Belarus', 102, 'rovnaya'),
       (19, 'Minsk', 'Belarus', 13, 'truvy'),
       (20, 'Minsk', 'Belarus', 136, 'novaya_v2'),
       (21, 'Minsk', 'Belarus', 135, 'novay_v3'),
       (22, 'SnctPtrbg', 'Russia', 1, 'brushchatya'),
       (23, 'Odessa', 'Ukraine', 3, 'minskaya'),
       (24, 'samaya', 'Eto', 136, 'lasteckaya'),
       (25, 'ugu', 'Ultra', 16, 'lasteckaya');

INSERT INTO flat (flat_id, floor, is_repaired, number, rooms)
VALUES (1, 7, true, 12, 3),
       (2, 1, false, 25, 1),
       (3, 3, false, 30, 2),
       (4, 9, true, 45, 3),
       (5, 10, true, 1, 4),
       (6, 8, true, 2, 5),
       (7, 7, false, 3, 1),
       (8, 4, true, 75, 3),
       (9, 1, false, 123, 2),
       (10, 1, true, 15, 1),
       (11, 3, false, 22, 4),
       (12, 2, false, 25, 1),
       (13, 1, true, 25, 3);

INSERT INTO real_estate (real_estate_id, add_info, area, is_rented, price, real_estate_type, address_id, client_id,
                         flat_id, deleted)
VALUES (1, 'очень хороший земельнй участок', 331, false, 10000, 'LAND', 1, 2, null, false),
       (2, 'квартира', 50, true, 150, 'FLAT', 2, 1, 1, false),
       (3, 'Отличный коттедж', 1000, false, 10000, 'HOUSE', 3, 2, null, false),
       (4, 'очень хороший земельнй участок', 331, false, 10000, 'LAND', 4, 2, null, false),
       (5, 'очень хороший земельнй участок', 331, false, 10000, 'LAND', 5, 3, null, false),
       (6, 'квартира номер 2', 31, false, 2030, 'FLAT', 6, 3, 2, false),
       (7, 'квартира номер 3', 30, false, 10300, 'FLAT', 7, 3, 3, false),
       (8, 'квартира номер 4', 32, false, 106, 'FLAT', 8, 1, 4, true),
       (9, 'квартира номер 5', 332, false, 99999, 'FLAT', 9, 2, 5, false),
       (10, 'квартира номер 6', 331, false, 304, 'FLAT', 10, 3, 6, true),
       (11, 'квартира номер 7', 331, false, 102, 'FLAT', 11, 1, 7, false),
       (12, 'house number 1', 1331, false, 802, 'HOUSE', 12, 4, null, false),
       (13, 'house number 2', 301, false, 10200, 'HOUSE', 13, 5, null, true),
       (14, 'land number 1', 65, false, 30000, 'LAND', 14, 1, null, true),
       (15, 'land number 2', 33, false, 40000, 'LAND', 15, 1, null, true),
       (16, 'house number 3', 751, false, 1200, 'HOUSE', 16, 2, null, false),
       (17, 'house 4', 321, false, 10030, 'HOUSE', 17, 3, null, true),
       (18, 'house 5', 3321, false, 1100, 'HOUSE', 18, 4, null, true),
       (19, 'amazing land 2', 331, false, 21000, 'LAND', 19, 2, null, false),
       (20, 'квартира номер 8', 331, true, 19, 'FLAT', 20, 1, 8, false),
       (21, 'квартира номер 9', 331, true, 59, 'FLAT', 21, 2, 9, false),
       (22, 'квартира номер 10', 331, true, 199, 'FLAT', 22, 3, 10, false),
       (23, 'квартира номер 11', 331, true, 499, 'FLAT', 23, 2, 11, false),
       (24, 'квартира номер 12', 331, true, 30, 'FLAT', 24, 1, 12, false),
       (25, 'квартира номер 13', 331, true, 10, 'FLAT', 25, 1, 13, false);